AgentID,FirstName,LastName,PhoneNumber,Email,AgencyName,LicenseNumber,HireDate,CommissionRate,Region,PerformanceRating,ActiveStatus,BranchID
1,Molly,Sawyer,(766) 270-2895,dgarcia@bowen.com,Harrison LLC,58329500,2023-08-24,0.061,FL,4,1,48
2,Christina,Young,(961) 586-5780,wendy16@hodges.com,Jackson-Evans,39598076,2016-09-25,0.1037,PA,3,1,25
3,Robert,Maldonado,(050) 455-6238,georgemiller@harvey-allen.org,Hall Ltd,10779751,2011-06-20,0.1125,NC,5,1,28
4,Vanessa,Evans,(740) 748-2175,dvaughn@gonzalez-cruz.info,Young PLC,75750309,2015-04-19,0.1379,PA,2,0,24
5,Julie,Wall,(944) 064-0909,kimberly39@robinson-lee.com,"Campos, Saunders and Becker",90407714,2017-01-30,0.105,PA,5,1,37
6,Mark,Perry,(104) 709-5214,davidryan@schmidt-mcintyre.com,Sloan-Raymond,99767363,2013-04-20,0.14,GA,1,1,28
7,Christopher,Foster,(451) 712-3685,amanda75@curry.com,Leonard Group,35220629,2024-09-11,0.136,TX,5,1,5
8,Donald,Shah,(985) 931-7461,wendy11@clay.biz,Watson-Avery,45785244,2011-05-27,0.0594,OH,3,1,43
9,Antonio,Wood,(869) 261-7964,pwallace@garcia-jennings.net,"Howard, Sanders and Lopez",80660781,2022-10-28,0.0692,NC,4,1,30
10,Jamie,Gallegos,(713) 900-5329,brendali@murphy.org,Ramirez and Sons,22948509,2013-01-20,0.1336,TX,2,1,12
11,Mario,Thompson,(842) 102-0539,martinezrobert@reese.info,Palmer-Rodriguez,48910397,2013-03-09,0.0785,NC,4,1,32
12,Ronald,Rodriguez,(390) 847-0076,fjones@franklin-jones.com,"Schultz, Kelley and Nguyen",20703049,2019-07-19,0.1031,CA,5,0,19
13,Russell,Beasley,(847) 896-1183,dmorgan@perry-davis.biz,Ortega-Brooks,00849550,2021-02-20,0.0582,MI,5,1,12
14,Brian,Frye,(711) 116-1528,elizabeth65@pugh.com,Burke-Bell,27236237,2013-07-28,0.0573,GA,5,1,17
15,Kathryn,Andrews,(832) 731-5851,xbruce@austin.com,White Ltd,02298831,2020-10-22,0.1334,PA,5,1,7
16,Joyce,Bonilla,(455) 022-9612,reesejason@chavez-moore.com,"Nguyen, Pugh and Carlson",56591828,2023-12-12,0.1242,FL,3,1,42
17,Scott,Nelson,(229) 014-7679,reeddaniel@gregory.com,Foster PLC,72624980,2011-11-14,0.0924,PA,1,0,14
18,Tyler,Jordan,(034) 324-4510,omarpadilla@hansen.biz,"Williams, Smith and Morse",19147519,2011-11-28,0.1191,FL,5,0,50
19,Tammy,Jackson,(596) 966-4160,xcollier@kim.com,Chapman-Warren,51138788,2025-08-22,0.071,NY,1,1,24
20,James,Parsons,(453) 521-8188,jessica23@thomas.com,"Hernandez, Malone and Jones",84619898,2017-09-16,0.1381,CA,2,1,36
21,Scott,Harrison,(779) 979-9552,laura90@romero-collins.info,Brown LLC,74672173,2024-02-15,0.0539,GA,2,1,22
22,Regina,Armstrong,(199) 867-9807,marcalvarez@rosario.com,Haas-Miller,38826320,2012-04-12,0.1273,IL,5,1,30
23,Nathan,Campbell,(203) 778-8925,rschroeder@williams.com,Grant Group,30825905,2021-12-19,0.0846,IL,4,1,35
24,David,Fletcher,(492) 519-2546,collinsnicholas@li-santiago.net,Lucas Group,18104586,2015-10-23,0.144,NY,3,1,33
25,Zoe,Moore,(505) 423-5733,megan18@conley.com,"Anderson, Bennett and Martin",96619563,2019-08-17,0.1197,NC,2,1,43
26,Karen,Bowers,(927) 065-3794,amandacollins@mckee-lee.org,Murray-Campbell,96963502,2025-02-12,0.093,MI,5,1,43
27,Morgan,Spencer,(886) 239-2407,dawsonzachary@mitchell.com,Whitehead-Hernandez,46579762,2017-06-21,0.1164,MI,3,0,30
28,Joe,Vang,(137) 506-0685,jeffrey51@santos.com,Horton-Taylor,23810967,2018-06-02,0.0955,MI,2,1,49
29,Shelby,Lynch,(779) 010-4328,srodriguez@turner.com,Fowler-Dean,42607714,2022-12-24,0.0676,NC,4,0,25
30,Ruben,Mendez,(179) 808-9324,ashleylopez@miller.net,"Romero, Mcneil and Spencer",91145537,2012-01-17,0.0943,NC,4,1,16
31,Jessica,Fuller,(706) 540-5153,dennis58@li-thompson.info,"Mendoza, White and Taylor",41847827,2017-08-14,0.0985,NY,3,1,36
32,Raymond,Ochoa,(704) 303-0548,wking@lee.com,Martinez-Richardson,22351267,2023-02-27,0.0564,OH,3,1,46
33,Jessica,Miller,(765) 277-5841,amymorris@murphy.com,Morrison-Simmons,08379085,2017-10-12,0.0977,IL,3,1,27
34,Emily,Sullivan,(757) 059-6401,stephaniethomas@gregory.com,"Diaz, Reyes and Bradley",57784243,2022-09-17,0.1169,OH,2,1,27
35,Raymond,Banks,(275) 571-9285,susanjohnson@porter.net,Green LLC,95956048,2021-04-08,0.0682,PA,4,1,9
36,Gerald,Reeves,(739) 473-1217,cochrantammy@contreras-mckinney.net,"Roberts, Evans and Moore",37378200,2022-12-14,0.1039,IL,2,1,30
37,Michael,Armstrong,(258) 313-2370,jlara@salazar.com,Sanders-Love,90028624,2023-01-18,0.0614,NY,4,1,50
38,Erin,Cooper,(866) 912-5177,katrinaanderson@bartlett.com,Martin-Morris,36977135,2019-02-13,0.1429,MI,4,1,50
39,Colleen,Mendez,(358) 414-3842,shawgary@moore.org,Kirby-Elliott,15826368,2023-01-16,0.1296,MI,1,1,46
40,Tyler,Burton,(010) 943-9690,dawn47@ballard.biz,Chavez-Barker,60604443,2025-01-05,0.1392,GA,2,1,28
41,Jessica,Valencia,(767) 735-9255,xanderson@hoffman.com,Wright-Davis,56697485,2013-08-31,0.0822,NY,1,1,47
42,Tyrone,Robertson,(696) 325-9532,fkoch@davis.net,Levy-Lewis,24630812,2015-11-30,0.1298,IL,3,1,29
43,Ryan,Khan,(004) 797-4801,kathryn50@williams-hoffman.com,"Roberts, Hughes and Cole",85512452,2016-12-23,0.0976,GA,4,1,45
44,Sheila,Fischer,(499) 121-6558,carriemorales@williams.com,Stone-Hernandez,24263539,2020-04-30,0.105,IL,4,1,6
45,William,Hicks,(259) 526-9495,terickson@cabrera-richardson.com,Silva-Robles,27379617,2019-09-30,0.0776,MI,5,1,17
46,George,Fuller,(097) 499-3097,rhernandez@johnson.com,Smith LLC,82337100,2023-04-26,0.0792,FL,4,1,7
47,Jared,Nguyen,(263) 689-7028,ufox@stevens.com,"Gomez, Ingram and Le",54410948,2018-02-06,0.0901,TX,5,1,1
48,Kellie,Bush,(497) 334-8434,wstewart@peck.com,"Rhodes, James and Baird",18902545,2021-12-02,0.1118,NC,4,1,4
49,Jason,Clayton,(524) 041-5747,sarah42@gilbert.com,Williams PLC,25450907,2024-11-24,0.1126,PA,1,1,29
50,Tiffany,Moore,(301) 657-1208,mwoods@morris-brewer.com,"Andrews, Nichols and Sharp",51464022,2014-10-25,0.136,TX,2,1,12
51,Kenneth,Morrison,(262) 067-2400,justin88@small-anderson.net,Nelson-Lamb,58112121,2011-08-11,0.056,PA,5,1,41
52,Cheryl,Fowler,(274) 205-4932,gwilcox@miller-caldwell.com,Woods and Sons,94434254,2016-08-07,0.1098,OH,3,1,37
53,Jose,Ward,(463) 745-4990,bryanwilson@moore-parks.com,"Wilson, Hendricks and Phillips",09859962,2011-02-03,0.054,FL,4,1,2
54,Roberta,Todd,(332) 727-9568,kathleenbecker@marks.com,Stark Inc,91564033,2021-06-07,0.117,FL,3,1,29
55,Darren,Harris,(883) 982-2587,gdavis@stokes-chavez.net,Bryant-Brown,29854339,2012-01-10,0.0904,NC,1,1,32
56,Melvin,Brown,(406) 403-9106,michaelcesar@johnson-ortiz.com,"Good, Brewer and Fisher",40564402,2018-11-04,0.0631,PA,4,1,35
57,Phillip,Anderson,(766) 182-5128,maryavila@ford-ball.biz,"Gray, Hall and Murray",19621550,2017-06-25,0.1492,TX,4,1,32
58,Craig,Johnson,(431) 069-0331,sanchezbradley@young-robinson.com,Gordon LLC,84752892,2013-08-12,0.1051,OH,2,1,42
59,Robert,Hill,(959) 953-4283,conniesimmons@williams-cooper.biz,"Flores, Butler and Hernandez",71078372,2014-12-17,0.0503,PA,5,1,33
60,Robert,Butler,(287) 334-2708,paulscott@lucas-nielsen.com,Nichols and Sons,41535543,2017-05-19,0.0689,NY,5,1,43
61,Timothy,Booth,(469) 901-3983,kevin03@hayden.info,Dominguez Ltd,43493976,2011-11-08,0.0652,CA,2,1,50
62,Jose,Hunt,(638) 546-7854,zowens@harrison.com,Gutierrez-Hart,31809018,2014-06-15,0.147,TX,4,1,38
63,Mark,James,(204) 899-6423,victorpena@morgan.info,Jackson-Norton,36688833,2014-09-27,0.1219,GA,5,0,17
64,Kathy,Gutierrez,(287) 280-8010,carloshernandez@wagner.com,"Little, Peck and Durham",26220977,2013-11-08,0.0601,FL,3,1,5
65,Amanda,Mitchell,(700) 886-0084,ldrake@hull.com,Lee PLC,30342461,2022-03-11,0.0675,MI,4,1,3
66,Kevin,Clayton,(546) 156-7933,valdezmichele@davis.biz,"Alvarez, Walsh and Warner",45264684,2015-04-09,0.0788,NC,2,0,16
67,Thomas,Williams,(765) 918-0339,cohenjuan@elliott.com,Ali PLC,92964398,2012-05-19,0.0607,OH,5,1,23
68,Patrick,Singh,(614) 293-9685,masonterri@davis.com,Jacobs-Austin,92962567,2013-06-05,0.0549,MI,4,1,19
69,Ryan,Frazier,(650) 477-3586,nmiller@yates-marquez.com,Moore-Dawson,72821277,2021-02-08,0.1181,FL,1,1,19
70,Kathleen,Garcia,(265) 511-0475,lopezshane@hunt.net,Carlson LLC,07031934,2021-10-04,0.0701,NC,3,1,42
71,Gavin,James,(604) 661-8398,josephadams@brown.com,Evans-Patton,82848731,2025-09-01,0.1463,FL,2,1,18
72,Adam,Foster,(437) 993-7124,vbrock@cook-ochoa.org,Evans PLC,63850321,2017-02-12,0.0869,PA,5,1,47
73,Mark,Ramirez,(375) 265-4793,kdiaz@vargas.com,"Saunders, Johnson and Acosta",91208592,2022-10-21,0.0563,GA,3,1,41
74,Donna,Espinoza,(374) 167-2434,mjones@aguilar-ferguson.biz,"Johnson, Schmitt and Miles",19340814,2023-01-10,0.117,NC,4,1,8
75,Tonya,Byrd,(891) 135-2909,vrasmussen@rodriguez-garcia.com,"Burgess, Grant and Watts",14044903,2024-10-17,0.0943,NY,3,0,47
76,Dan,Perry,(756) 798-2507,wilsonshelia@bailey.info,Boyd LLC,39602998,2014-09-26,0.0592,NY,5,1,44
77,Deborah,Byrd,(177) 514-0105,sarahyang@thompson.info,Salinas Ltd,72150722,2019-01-28,0.137,IL,2,1,4
78,Adam,Lewis,(266) 093-7966,karen19@lloyd.com,Nguyen-Ellis,08112160,2014-02-11,0.0515,NY,5,1,39
79,Michael,Ellis,(785) 969-6915,lisamccarthy@sellers-lawrence.com,Wilson-Torres,21410435,2015-06-10,0.0952,NY,5,0,12
80,Jacob,Reid,(528) 669-2966,angelaburns@lopez.org,Glenn Inc,54904464,2014-02-02,0.141,TX,1,1,43
81,Tracy,Miller,(236) 887-6767,flynnjeffrey@hill.com,Norman PLC,02653954,2019-03-22,0.1105,TX,1,1,10
82,Lynn,Williams,(788) 191-4858,bpayne@fitzgerald.com,Golden-Johnson,85848483,2023-08-10,0.123,IL,4,1,42
83,Gabriel,Taylor,(517) 133-9596,lisatrujillo@bell.com,"Carter, Armstrong and Farley",31908007,2015-06-13,0.1312,NC,1,1,17
84,Maria,Juarez,(126) 042-2325,kburns@adams.com,Robertson-Ramirez,56489490,2019-09-23,0.0788,PA,3,1,36
85,Laura,Sanders,(577) 590-1751,fsummers@morris-campbell.net,"Anderson, Phelps and Kramer",26218375,2025-11-25,0.1307,NC,5,1,33
86,Victoria,Patterson,(001) 701-2770,nicoleturner@davis-ward.com,Beck-Banks,56660279,2022-08-03,0.0851,FL,2,1,42
87,David,Perez,(643) 611-0371,ssmith@montoya-mcneil.biz,"Anderson, Jones and Reyes",07905341,2011-11-09,0.0812,IL,5,1,26
88,Alyssa,Smith,(115) 542-6221,scottbowen@goodman.info,Miller Inc,17004464,2023-05-29,0.0716,NC,1,1,4
89,John,Burke,(196) 565-2341,kimberly04@holmes.com,"Myers, Lucas and Bowers",26460350,2013-05-11,0.0801,NY,2,1,8
90,Valerie,Peck,(376) 137-9180,paulcombs@diaz-vega.info,Smith Inc,30713758,2024-06-24,0.1306,TX,4,1,19
91,Jacqueline,Miller,(430) 068-4866,joshuacollins@mccall.com,Willis-Hines,44034462,2011-03-18,0.0905,IL,2,1,3
92,Cheryl,Brown,(146) 303-1617,davidzimmerman@smith.net,"Green, Watson and Brady",46341440,2022-01-11,0.1371,IL,2,1,40
93,Courtney,Crawford,(410) 564-8149,brian92@moore-ayala.org,"Sharp, Perez and Hicks",06517396,2025-11-01,0.0648,TX,2,1,11
94,Linda,Klein,(030) 756-2208,pwalker@moon-flores.com,"Watson, Shaw and Winters",67617477,2011-09-22,0.0949,MI,5,1,12
95,Angela,Smith,(380) 617-4451,kellymueller@dean.info,Oconnor PLC,34467530,2014-01-10,0.0962,CA,1,1,41
96,Aaron,Sandoval,(320) 603-8505,dalton83@vasquez-brown.com,"Ramirez, Williams and Hall",08865457,2023-11-30,0.1396,GA,5,1,19
97,Charles,Bradley,(865) 719-1826,ibates@carter.biz,"Decker, Nguyen and Chavez",65948890,2025-05-11,0.1146,CA,2,1,21
98,Lee,Martinez,(132) 912-1277,tami37@ford-phelps.com,Aguirre LLC,56393760,2014-12-13,0.1131,IL,1,1,29
99,Brandon,Evans,(903) 521-3568,anthonysullivan@hawkins-pierce.com,Garcia-Leon,62769835,2025-01-12,0.0641,IL,3,1,36
100,Jonathan,Hess,(003) 236-5199,osbornjames@ramos.com,Williams Group,61705631,2013-01-15,0.1203,NC,1,1,45
101,Jason,Lopez,(296) 670-6625,sean20@harvey.biz,"Mendoza, Miller and Reyes",50393719,2011-11-02,0.0655,PA,1,1,28
102,Maurice,Cunningham,(383) 806-5787,paul20@harper-johnson.com,Stokes Group,88037131,2018-02-09,0.1331,MI,2,1,35
103,Kathryn,Gould,(593) 213-3480,lkelly@young.com,"Johnson, Haynes and Meza",46242745,2019-12-25,0.0809,GA,2,1,3
104,Brian,Guzman,(293) 784-2701,foxaaron@harris.com,Johnson PLC,94235988,2020-07-25,0.0638,PA,1,1,37
105,Kevin,Taylor,(218) 515-6915,jessicakim@yu.net,"Preston, Austin and Kelly",51882729,2022-12-18,0.0647,OH,1,1,24
106,Melissa,Townsend,(926) 442-2096,whitelucas@walker.com,Mcgee-Young,88943330,2022-04-19,0.0725,IL,1,1,15
107,Jonathan,Rodriguez,(215) 704-3315,williamssamuel@costa-wilkerson.info,Bell-Bennett,31094874,2016-05-30,0.1115,TX,1,1,42
108,Jose,Garcia,(793) 271-0405,george62@jones.com,"Galloway, Barry and Bush",57512304,2025-01-28,0.1294,GA,1,1,10
109,Heidi,Bowen,(296) 201-5336,donna43@williams.net,Hernandez-Ward,50521462,2018-04-25,0.0917,TX,5,1,32
110,Tiffany,Wells,(149) 731-0324,parkerraymond@jacobson-baker.net,Lopez-Mcclure,95750803,2018-04-02,0.0873,CA,3,1,5
111,Bryan,Goodwin,(270) 477-4349,millermaurice@gutierrez.com,Cardenas-Barnes,26157133,2017-04-05,0.1143,GA,4,1,23
112,Rachel,Mcbride,(793) 741-6089,davidtodd@rush.com,Martinez Group,07420109,2020-02-01,0.1015,NC,4,1,9
113,Ray,Nguyen,(632) 945-1168,april09@mills.com,"Matthews, Chang and Ayers",62806274,2012-04-22,0.09,GA,4,1,49
114,Chelsea,Johnson,(914) 856-4679,richard99@steele.com,"Young, Reese and Mccall",44958706,2012-10-09,0.1322,NC,3,1,12
115,Terri,Ramos,(054) 447-1324,joseph69@davis.biz,"Washington, Black and Brooks",32471447,2017-04-24,0.1412,MI,4,1,6
116,Glenn,Golden,(821) 486-2890,marywright@williams-ward.com,Richardson-Marshall,06386916,2011-12-07,0.1281,CA,2,0,4
117,Andrea,Cooper,(103) 579-7279,kaitlyn14@hughes.org,Vincent Ltd,63901434,2017-09-23,0.0577,FL,5,1,50
118,Lauren,Walker,(346) 800-7229,jennifer46@york-stevens.com,Turner-Meyer,62174352,2014-10-21,0.076,GA,2,1,21
119,Kenneth,Rodriguez,(691) 085-8994,rogersjoshua@hensley-green.com,Hernandez and Sons,69210179,2021-08-01,0.1311,IL,3,1,19
120,Paul,Johnson,(965) 207-4466,matthewreeves@nichols.com,"Evans, Jackson and Sandoval",58879675,2011-12-10,0.0621,NY,2,1,36
121,Jeffrey,Walker,(241) 724-8251,robert55@richards-ford.com,Brown-Walters,05385603,2020-06-21,0.15,GA,5,1,32
122,Brian,Dickerson,(917) 381-6846,victoriacooper@orozco.com,Freeman Ltd,80964638,2020-11-05,0.128,MI,2,1,27
123,Kristen,Chan,(500) 743-2927,christinaschultz@patterson-woods.com,Ferguson Ltd,49011137,2013-12-25,0.0846,NC,3,1,9
124,David,Reyes,(058) 300-3354,gary04@bryant-meyer.net,Hamilton-Mcdaniel,19266065,2017-04-28,0.1081,FL,5,1,17
125,Jason,Johnson,(575) 326-0332,daviddawson@brooks.com,"Dean, Wheeler and Williams",39080972,2013-04-02,0.0711,MI,4,1,39
126,Jacqueline,Harris,(001) 676-1847,turnerdorothy@meyer.biz,Hunt PLC,46294862,2012-10-24,0.0573,CA,2,1,2
127,Michael,Ortiz,(411) 739-3483,benjamincrawford@watts.com,Smith Ltd,43183933,2012-12-23,0.1261,NC,5,1,31
128,Stephen,Madden,(197) 218-1143,steven12@phelps.com,Rodgers-Davis,42202362,2012-06-28,0.1365,FL,3,1,16
129,Nathan,Cooper,(002) 255-7941,moralessuzanne@houston-vaughn.info,Banks-Robles,37454309,2023-11-16,0.1005,NY,2,1,47
130,Cheryl,Maxwell,(202) 169-7972,huffmannichole@mcpherson.com,Alexander-Brown,04864584,2012-11-24,0.1382,IL,4,1,4
131,Cody,Stanley,(508) 993-5889,timothyalvarado@cruz.org,Smith and Sons,05323458,2022-02-12,0.1123,MI,1,1,26
132,William,Pierce,(772) 175-3540,ppowell@stevens.info,Gates Group,37397155,2019-07-30,0.0545,FL,3,1,7
133,Margaret,Conner,(170) 166-0880,pamela83@powers.com,Richard LLC,46536197,2016-05-08,0.0799,IL,5,1,34
134,Michael,Schultz,(997) 571-1305,amy51@prince.com,"Newton, Ortiz and King",45403143,2020-07-03,0.1399,CA,5,1,35
135,Sara,Monroe,(316) 373-5160,bartonshannon@lawrence.com,"Fitzgerald, Tran and Reynolds",77575166,2014-04-23,0.1341,FL,2,0,42
136,Nicole,Gordon,(782) 922-1699,mbarnes@farmer.com,Ballard-Taylor,10316479,2020-12-05,0.1373,CA,2,1,45
137,Glenda,Morse,(848) 583-3394,tinasantos@gordon.com,"Wilson, Bell and Castillo",36531933,2021-03-23,0.1272,PA,5,1,36
138,Brian,Brown,(684) 608-1062,karen24@king.com,Molina Inc,22997764,2020-09-06,0.098,NC,3,1,16
139,Heather,Williams,(719) 838-6384,yhughes@edwards.com,Oliver Group,63989822,2017-01-28,0.1214,IL,4,1,37
140,Tonya,Jones,(359) 893-3472,jillwilson@patterson.com,Martin LLC,42596165,2025-02-04,0.0742,NC,2,1,48
141,Tracy,Armstrong,(572) 025-9094,charles58@krueger.com,"Moore, Daniels and Powell",13461991,2011-01-27,0.1153,GA,4,1,4
142,Wendy,Colon,(335) 554-3987,wilsonmichael@conway.org,Haley Ltd,93690557,2016-12-02,0.1437,FL,4,1,49
143,Leah,Griffin,(616) 484-0858,phillipsdenise@palmer-vaughan.com,"Ferguson, Sims and Clark",90871782,2016-06-08,0.0537,PA,5,1,12
144,Jennifer,Johnson,(361) 386-1207,brownlaura@jones.biz,Hayes-Sullivan,29549841,2021-09-07,0.0613,FL,4,1,22
145,Michael,Shaw,(061) 809-1901,kristin49@campbell.biz,Short-Johnson,17757188,2016-05-11,0.1327,NC,3,0,46
146,Angela,Peters,(832) 684-2450,williamsashley@medina-arroyo.com,Goodman Ltd,09490342,2013-08-20,0.083,MI,5,0,43
147,Danny,Lambert,(368) 222-3943,yorksarah@murray.com,Garcia-Swanson,32641698,2016-10-28,0.127,TX,3,1,42
148,Todd,Murphy,(552) 314-9135,heather29@diaz.com,Sanchez-Walker,21176454,2019-04-07,0.1038,NY,2,1,15
149,Tony,Rodriguez,(645) 257-7754,wilkinsonmichele@vance.com,"Mercado, Jones and Jones",80470505,2023-07-25,0.1005,MI,5,1,39
150,Amy,Lutz,(809) 969-3084,jvaldez@long-vance.org,"Vincent, Anderson and Mason",84674840,2011-04-17,0.0632,OH,4,1,21
151,Erik,Knight,(658) 039-2827,jillwebb@williams-juarez.com,Baker and Sons,48738750,2012-07-07,0.0845,TX,5,1,36
152,Jane,Boyd,(385) 677-0051,mary49@hudson.org,"Villanueva, Miller and King",94211679,2011-09-15,0.0874,OH,4,1,5
153,Scott,Hall,(865) 577-9082,jason22@guzman-montoya.com,Shepherd-Cortez,36656315,2014-10-08,0.1029,NY,1,1,25
154,Ashley,Martin,(773) 926-0302,macdonalddylan@scott.net,Greene-Elliott,47432411,2019-03-03,0.1375,TX,1,1,20
155,Carolyn,Norton,(413) 797-7236,cindydixon@ramsey.info,"Garza, Hall and Cruz",69820546,2011-04-17,0.1372,NY,1,1,27
156,Rachel,Greene,(038) 862-9127,davisdonna@ryan.biz,"Fisher, Golden and Wolfe",57719295,2012-10-27,0.1077,IL,2,1,15
157,Thomas,Hall,(376) 599-1624,campbellnancy@scott-smith.com,"Mills, Meyer and Brooks",95425571,2018-04-10,0.1179,NC,4,0,10
158,Rodney,Diaz,(565) 126-9448,victoria63@arnold-grant.com,Hansen-Webb,96734137,2014-06-21,0.0974,NY,3,1,23
159,William,Hartman,(956) 213-7213,martintamara@brock.info,"Graham, Brown and Walker",89595122,2016-03-11,0.1147,GA,3,0,10
160,Danielle,Gonzales,(906) 698-4902,melissagalvan@mitchell.net,"Hall, Jackson and Johnson",80360085,2012-05-03,0.1171,NY,4,1,47
161,April,Mclaughlin,(021) 465-6693,calhounandrea@gallegos.com,Obrien and Sons,39217779,2015-01-17,0.1196,NY,4,1,22
162,Wesley,Morgan,(690) 426-8181,prattsue@li.biz,"Webb, Sanchez and Morgan",32463384,2018-09-17,0.1303,GA,3,1,36
163,Erica,Hall,(779) 071-4163,robert58@smith.com,Nunez-Nicholson,30870557,2024-03-03,0.0795,NY,3,1,24
164,Victor,Gonzalez,(827) 553-9423,moniqueclark@conley.com,Maxwell Inc,84662896,2012-04-08,0.0991,FL,3,1,37
165,Rachael,Ibarra,(790) 807-5957,travis84@walker-ray.com,"Lloyd, Mendoza and Fernandez",51899580,2012-04-23,0.1318,CA,1,1,47
166,Emily,Gray,(562) 718-7500,nguyenchloe@lopez-baker.com,Mullen-Cooper,27053666,2019-07-11,0.0983,GA,1,0,41
167,Ashley,Krause,(763) 655-6472,lisale@peters.com,Marsh Ltd,40752564,2014-02-07,0.144,FL,1,1,36
168,Kevin,Hart,(702) 672-8857,rosshannah@lewis.info,"Davis, Garner and Green",11582334,2013-07-09,0.1065,NY,3,1,34
169,Barbara,Santos,(884) 506-1593,tiffanymitchell@nunez-freeman.info,James LLC,68703500,2017-02-07,0.0671,GA,4,1,6
170,Matthew,Edwards,(225) 699-6112,jennifer96@barron-norman.com,"Matthews, Sheppard and Gutierrez",58050288,2018-11-12,0.0976,CA,1,1,22
171,Caleb,Johns,(023) 413-2611,johnsonrandy@garcia.com,Pena Group,85093957,2014-02-07,0.1213,OH,1,1,18
172,Elizabeth,Dalton,(334) 722-8200,michelle78@dunn-taylor.net,Garza Group,28383719,2016-03-28,0.1224,NC,3,0,37
173,Scott,Diaz,(968) 845-7831,eric00@ochoa.info,"Smith, Weeks and Arroyo",20665936,2021-09-17,0.1284,GA,4,1,28
174,Robert,Castro,(406) 493-0853,twright@brewer.com,Garrett-Black,94660677,2019-02-03,0.0582,FL,4,1,36
175,Keith,Walsh,(944) 846-3122,nnelson@lopez-smith.com,"Johnson, Compton and Campbell",13309471,2024-08-01,0.0587,OH,4,1,41
176,Larry,Lloyd,(703) 120-7356,steven05@bridges.com,Rowe-Jones,40305332,2013-02-06,0.0888,TX,5,1,33
177,Joan,Johnson,(234) 601-3673,gmoss@wade.com,Moore-Chandler,51313404,2018-12-22,0.0921,GA,1,1,16
178,Teresa,Young,(881) 474-3503,knguyen@richards-foster.com,Novak PLC,74641038,2023-08-24,0.088,IL,4,1,16
179,Matthew,Booker,(792) 513-2719,browndeanna@herrera.com,"Kramer, Sherman and Trujillo",91392399,2024-04-21,0.0791,GA,5,1,42
180,Kenneth,Terry,(306) 524-0778,ashleystephens@oconnor-hill.org,"Martin, Schmidt and Cole",38315556,2018-06-10,0.105,GA,2,1,21
181,Melissa,Parsons,(485) 708-6209,malikbrown@fuentes.net,Austin LLC,80876132,2024-11-30,0.0654,OH,4,0,19
182,Daniel,Lee,(511) 810-2203,duncanmary@burns.com,Walker-Robbins,44596573,2017-12-12,0.1396,NC,5,1,39
183,Madison,Baker,(371) 705-8650,navarromary@blackburn.com,Hardy PLC,12616566,2011-03-14,0.1467,IL,4,1,6
184,Katie,Ray,(338) 392-8861,bpark@jackson.net,Wagner-Sandoval,25555437,2017-07-13,0.1089,NC,2,1,7
185,Charlene,Hart,(975) 585-5665,nicholaspierce@king.biz,Barber LLC,42908733,2020-01-22,0.1284,NC,4,1,2
186,Kelsey,Harding,(082) 404-3350,samantha88@howe.com,Taylor LLC,46338186,2021-02-09,0.1177,FL,2,1,7
187,Jennifer,Mcguire,(334) 419-6931,tracynolan@johnston.com,Cross PLC,15924164,2020-11-17,0.0529,MI,2,1,36
188,Cynthia,Chen,(105) 566-1390,torresblake@cunningham.com,Nunez Group,37278018,2017-06-19,0.0687,IL,2,1,28
189,Matthew,Alvarez,(998) 136-4622,kelleyjose@shaw-ayala.com,Castillo and Sons,64933313,2018-07-22,0.0958,FL,3,1,17
190,Kimberly,Morris,(693) 898-3314,rodriguezrobert@bailey-flores.org,"Johnson, Torres and Huerta",01131654,2019-04-11,0.0638,OH,4,1,38
191,Daniel,Brown,(792) 703-3521,mistywilkins@cooper.com,Ruiz-Rivera,59911218,2021-06-17,0.1119,IL,1,1,41
192,Heather,Barnett,(833) 884-8792,qaguilar@williams.org,Brown-Pena,89546484,2023-07-26,0.0583,CA,2,1,13
193,William,Mckinney,(164) 510-4636,todd98@lopez.info,"House, Smith and Wright",22757455,2011-02-12,0.0768,NC,3,1,18
194,Joel,Good,(457) 620-5554,lisa46@raymond.com,Peterson Group,07591872,2019-12-25,0.1499,GA,3,1,49
195,Ronald,Edwards,(216) 893-6392,shane23@taylor.com,Barker-Roach,49728537,2022-02-25,0.1133,FL,5,1,6
196,Lonnie,Hobbs,(629) 251-8812,cannonnicole@ali-turner.com,Maxwell Inc,88555192,2013-04-11,0.1073,NC,1,1,14
197,Jesse,Mcdaniel,(209) 949-9939,christopher72@mathis.com,Henry-Taylor,79981827,2013-03-19,0.1328,OH,4,1,49
198,Gregory,Blevins,(306) 046-3331,fcamacho@nguyen.biz,Franklin Group,24468052,2014-04-06,0.1436,IL,4,1,41
199,Shannon,Wilcox,(569) 998-8081,richjohn@foster.net,"Estes, Lee and Gonzales",58809668,2023-03-25,0.1296,OH,2,1,21
200,Maria,Hayes,(472) 649-0827,whitebrenda@payne.com,Chavez Ltd,43251878,2016-02-27,0.1262,CA,1,1,14
201,Christopher,Zimmerman,(714) 521-1175,nicholasjames@barr.com,Melton and Sons,09149499,2014-05-30,0.1382,PA,2,1,30
202,Adam,Cannon,(064) 474-2123,ellismelissa@aguirre.com,"Keller, Chavez and Ramos",03066067,2024-01-23,0.1255,OH,1,1,18
203,Eddie,Delgado,(903) 849-8302,thomasantonio@massey.com,Butler and Sons,20554031,2021-03-15,0.136,FL,4,0,1
204,Christopher,Evans,(499) 982-7950,priscilla16@brown.com,Rose-Warren,08132388,2013-09-20,0.1142,FL,1,1,25
205,Ronald,Abbott,(390) 198-1794,alicia95@mendez.net,"Welch, Vasquez and White",61327964,2022-10-24,0.0717,TX,2,1,1
206,Yolanda,Gutierrez,(343) 010-7139,michael30@harris.com,Hunter-Nguyen,73472626,2021-05-05,0.1221,PA,1,1,38
207,Martha,Nielsen,(155) 699-0235,zhendricks@brewer.com,"Murray, Grimes and Huang",82613677,2011-01-30,0.0739,OH,1,1,43
208,Barbara,Rivera,(608) 495-8803,carl24@morgan.net,Duncan Group,55999185,2018-11-04,0.0865,FL,4,1,41
209,Nathan,Gallegos,(914) 504-6173,javier42@brooks.com,Wallace Inc,05029932,2014-03-01,0.1213,OH,4,1,50
210,Kayla,Garcia,(782) 357-8452,jamiejohnson@reeves-boyd.com,Randolph-Mcdaniel,65100991,2024-07-26,0.0827,MI,1,1,6
211,Danielle,Clark,(157) 018-4094,jameshill@mejia-lambert.com,Moore Inc,78004463,2021-01-31,0.1242,FL,1,0,28
212,Donald,Bush,(988) 138-5854,audrey21@austin-morgan.info,Anderson Group,71957711,2011-03-27,0.1281,PA,1,1,9
213,Crystal,Vaughn,(016) 016-6299,tjensen@roth-marquez.net,Beltran Group,34529645,2022-06-20,0.0555,MI,2,1,2
214,Douglas,Huang,(217) 174-7733,roberta62@stark.com,Freeman-Jones,78617080,2020-08-20,0.0546,IL,4,1,17
215,Dakota,Roth,(577) 245-9928,nguyendebra@patel-morales.biz,Oliver PLC,98597434,2012-11-23,0.122,PA,1,1,12
216,Amy,Young,(761) 539-6695,stevensonjennifer@wilson-carlson.com,"Davis, Wallace and Parker",59189904,2013-09-06,0.0782,PA,3,0,8
217,Lisa,Clay,(191) 965-7013,shermandonna@schmidt-price.org,Gonzalez-Maldonado,02536454,2017-11-17,0.1273,NY,5,1,30
218,Richard,Anderson,(494) 651-9098,bryan80@warner.com,Glenn-Young,19056603,2016-05-12,0.1259,OH,3,1,16
219,Thomas,Lopez,(965) 666-6832,xbridges@moore-bright.com,Smith Ltd,94991202,2022-12-03,0.1346,OH,3,1,34
220,Cindy,Gibson,(276) 212-6796,carnold@kelly-lopez.org,Lane Ltd,00180549,2011-03-30,0.0737,PA,3,1,48
221,Janet,Wilson,(846) 895-0097,fnixon@cross.com,Black-Mills,77320275,2015-01-02,0.0655,FL,4,1,26
222,Amanda,Smith,(137) 189-4905,ehunt@gross.com,Jackson-Neal,13744808,2021-05-09,0.0804,MI,1,1,27
223,Lisa,Weber,(494) 079-2904,todd28@york.com,Gilbert LLC,17930281,2021-02-21,0.1452,GA,5,1,21
224,Jose,Haynes,(401) 929-2752,hwhite@cooper.com,"Peck, Moore and Crawford",01710721,2025-07-27,0.0901,TX,5,1,16
225,Brian,Marshall,(637) 239-5041,vturner@hall.com,Moreno Group,00941983,2017-12-31,0.0543,GA,1,1,5
226,Cheryl,Pearson,(476) 580-1856,matthew41@pena-myers.com,"Powers, Townsend and Meyer",47434392,2011-03-06,0.0946,FL,1,1,37
227,Dalton,Griffin,(258) 001-0618,jessicaking@johnson.com,"Douglas, Houston and Sampson",22450211,2022-07-04,0.1385,NC,2,1,40
228,Jon,Owens,(111) 926-9212,fowlersandra@hammond-schwartz.com,Martin-Jones,79735495,2021-10-30,0.0888,FL,1,1,35
229,Travis,Mcfarland,(066) 504-4271,fwhite@thomas.com,"Schneider, Gaines and Baldwin",08284352,2024-03-12,0.066,NY,2,1,15
230,Sarah,Ortega,(011) 947-0720,edward56@smith.info,Powell-Luna,09287388,2012-09-24,0.0676,MI,3,1,48
231,Mathew,Turner,(183) 067-1985,chensusan@diaz.com,Hodges-Roberts,35735198,2024-10-17,0.131,GA,5,1,45
232,Christopher,Chen,(280) 634-6157,donaldlee@davies.net,"Parker, Ferguson and Flowers",00604368,2014-06-07,0.0841,FL,3,0,32
233,Stephen,Gregory,(005) 050-6138,joycehall@johnson.info,"Smith, Meadows and Montgomery",59788939,2018-08-14,0.0896,TX,3,1,10
234,Caleb,Roth,(202) 041-7929,crawfordlauren@brown.biz,Cain-Hendrix,97464375,2015-02-07,0.139,MI,3,1,9
235,Glenn,Brown,(651) 982-5309,donald62@wood.org,Anderson Ltd,83721075,2022-07-08,0.1351,MI,1,1,38
236,Olivia,Butler,(620) 710-0219,nschwartz@bowman.info,Allen-Thompson,99259172,2021-05-24,0.1482,FL,1,1,21
237,Angela,Lee,(092) 791-4560,montgomerymichelle@romero.com,Brown-Rodriguez,68422021,2022-09-28,0.0501,OH,4,1,43
238,John,Jensen,(772) 200-5436,vwilliams@buckley.com,Washington Inc,84351486,2013-07-07,0.1187,FL,4,0,11
239,Mark,Garcia,(379) 956-3531,ykane@jones.info,Zamora and Sons,23901375,2012-03-07,0.1398,TX,3,1,3
240,James,Martinez,(972) 652-7354,ramirezdaniel@ellis-jackson.com,Tanner PLC,87466403,2014-08-27,0.1474,OH,5,1,40
241,Brittany,Hood,(929) 831-6873,alexis63@murphy.com,"Shah, Mcintyre and Villanueva",56203540,2013-08-23,0.0504,TX,3,1,47
242,Shaun,Allen,(007) 806-8671,steelerichard@anderson.com,"Duarte, Smith and Caldwell",61012083,2018-01-30,0.0897,GA,3,0,41
243,Courtney,Padilla,(799) 077-2625,daltonchad@cook.com,"Shah, Daniels and Norton",33310428,2013-09-23,0.1064,FL,1,0,35
244,Steven,Williams,(195) 085-0165,gregory81@fletcher.com,"Wilson, Mendoza and Crosby",84720359,2024-05-17,0.1187,GA,5,1,23
245,Nathan,Chavez,(335) 548-6401,harrisonamanda@lam.com,Mcclain Group,23805559,2020-11-04,0.0647,GA,2,1,31
246,Tyler,Golden,(162) 411-2412,cartertara@huynh.com,Lopez-Johnson,98149496,2012-06-17,0.1334,PA,3,1,11
247,Meagan,Wallace,(385) 695-5798,ashley42@perez-watson.com,Hernandez LLC,05585907,2024-08-14,0.1088,OH,1,1,5
248,Daryl,Chaney,(292) 842-2223,scottwood@hart.com,Hernandez-West,55911778,2018-09-25,0.138,OH,3,1,10
249,Adam,Rodgers,(841) 067-2752,deborah47@montes-webster.org,"Thomas, Cunningham and Meadows",54146643,2013-09-28,0.1379,NY,1,1,32
250,Christina,Robinson,(517) 028-1406,christopher09@lee.com,Johnson PLC,80832460,2018-07-01,0.1369,FL,3,1,18
251,Sherry,Kerr,(718) 637-5998,raymond65@watson-mitchell.com,Madden-Sawyer,73760494,2025-06-05,0.0984,NC,3,1,29
252,Carla,Thomas,(376) 742-6629,thomas85@fitzpatrick.biz,Smith Ltd,70747551,2012-06-19,0.1375,NY,1,1,33
253,Angela,Williams,(628) 792-3264,mary47@singh.com,Evans-Davidson,03134396,2015-08-17,0.0742,GA,5,1,30
254,Trevor,Arellano,(714) 627-3014,bianca96@burton-alvarez.com,Hunt-Johnston,53187623,2021-10-21,0.0663,MI,2,1,31
255,Brian,Ward,(429) 025-7252,brandon48@mayer.com,George and Sons,22658964,2025-05-10,0.0632,FL,5,1,42
256,Alexander,Holmes,(554) 451-8952,kimberly65@garcia.net,Decker PLC,28396433,2020-03-23,0.0752,GA,3,1,15
257,Timothy,Collins,(888) 167-1120,don79@gallagher.com,"Olsen, Walker and Vincent",31568366,2021-05-30,0.0798,TX,4,0,40
258,Kim,Todd,(342) 321-6110,gonzalezantonio@palmer.com,Jones Ltd,68278217,2013-05-25,0.14,MI,4,1,18
259,Dustin,Francis,(119) 393-2501,stacy55@wyatt.org,Wagner Inc,10429475,2011-02-24,0.1495,NY,3,1,44
260,Sandra,Knapp,(908) 334-2801,lrichardson@gonzales.com,Zavala-Coleman,66493316,2012-08-29,0.1058,PA,1,1,15
261,Kathryn,Bush,(361) 517-1827,millertristan@campbell-burke.com,"Cherry, Wallace and Spencer",28716303,2019-09-22,0.1244,PA,4,1,48
262,Samuel,Barrett,(631) 752-0716,wilsonralph@garza.com,Cox and Sons,35410656,2015-12-02,0.0972,NY,5,1,22
263,Joshua,Clarke,(396) 136-7499,qkelly@clements.com,Rodriguez-King,32081245,2016-09-26,0.1407,GA,2,1,44
264,Cassandra,Murphy,(320) 101-7026,christy11@walton.com,Bates-Henry,10393042,2019-06-08,0.1274,MI,2,1,46
265,Leonard,Bennett,(858) 800-6167,ljohnson@hopkins.com,Jordan-Edwards,71444405,2015-06-05,0.1231,CA,3,1,49
266,Melissa,Hunter,(719) 788-9778,lbaker@jensen-gomez.com,Brown-Garza,16626313,2017-08-05,0.1089,FL,1,1,34
267,Robert,Brown,(559) 056-1655,johnwong@miller.com,Jackson-Ryan,94554619,2013-02-26,0.099,NY,2,1,20
268,Valerie,Gray,(769) 864-0790,gmorris@garcia-leonard.com,Shaw-Hubbard,02920517,2011-08-12,0.1292,OH,3,1,26
269,Karl,Williams,(294) 563-7183,nballard@rubio.org,Nelson-Knight,09660643,2016-10-01,0.1047,GA,2,1,40
270,Lawrence,Perry,(763) 514-8468,colleen78@ibarra.net,Ray and Sons,63662618,2020-01-04,0.0605,MI,1,1,44
271,Steven,Allen,(748) 969-0835,megan65@walters.com,Lucas-Scott,46789341,2022-03-21,0.1048,NY,4,1,7
272,Todd,Esparza,(363) 123-0347,clucas@moore.com,Clarke-Ramirez,00154970,2021-03-15,0.1224,PA,2,1,1
273,Rachel,Russell,(207) 001-5941,emily16@cameron.net,Boyd PLC,20888364,2020-05-05,0.0616,CA,1,1,19
274,Jo,Shaffer,(847) 139-1559,selenarobinson@thompson.info,King-Lawrence,63892733,2024-02-29,0.0614,OH,4,1,43
275,Michael,Baldwin,(851) 586-7342,andrew90@bates.com,Tran-Parker,64481179,2019-04-26,0.1344,TX,4,1,25
276,Christopher,Carson,(518) 376-0644,kennethvillarreal@moon.com,"Sullivan, Johnson and Delacruz",86133068,2022-11-23,0.1473,FL,4,1,31
277,Michael,Guzman,(776) 561-2481,shawn00@may.com,Morales Ltd,84060857,2024-12-24,0.1224,NY,3,1,8
278,Laura,Flores,(591) 123-8296,irusso@thompson-watkins.com,Gonzalez-Perry,70623638,2016-03-04,0.1058,MI,1,0,45
279,Terri,Gonzalez,(669) 300-8931,brandonwilliamson@green.org,Smith PLC,54417332,2014-01-26,0.1007,NC,4,1,11
280,David,Gates,(771) 333-4476,wandacampbell@lopez.com,Cherry-Young,04504397,2018-05-18,0.0518,OH,4,0,16
281,Gloria,Reeves,(359) 710-7256,qfitzgerald@davis.com,Galvan-Ruiz,00663526,2018-08-25,0.145,IL,1,1,36
282,Emily,Anderson,(990) 048-9646,carpenterjorge@vasquez.com,Page-Hamilton,37573406,2017-01-01,0.0502,IL,3,1,30
283,Chloe,Juarez,(150) 274-5644,zachary62@doyle-henry.com,"Farrell, Sandoval and Yates",70117716,2015-05-29,0.0688,OH,2,1,24
284,Samuel,Carney,(320) 320-7427,wwilliams@hoffman.com,Bailey and Sons,71498574,2011-11-18,0.1158,NC,2,1,13
285,Alicia,Duncan,(422) 849-9390,pknapp@rhodes-clay.com,Maldonado-Becker,50984591,2025-09-29,0.1079,FL,1,1,1
286,Courtney,Adams,(591) 520-1777,riverabradley@tapia.org,Lewis Inc,63846623,2017-09-06,0.0843,PA,4,1,39
287,Gregory,Hanna,(450) 189-6164,ndavis@price.com,"Goodwin, Valdez and Martinez",47727879,2024-08-11,0.1133,NY,2,1,9
288,Sean,Hughes,(649) 251-5837,anna61@shepherd-austin.biz,"Simmons, Williams and Peterson",69179156,2019-04-30,0.121,IL,5,1,19
289,Rebecca,Woods,(327) 881-4761,traceysutton@skinner-mills.com,"Williams, Jones and Williams",97685840,2018-11-11,0.0606,OH,2,0,37
290,Christopher,Gordon,(866) 179-4549,yangsteven@cameron.com,Mcdowell-Evans,17122862,2012-10-21,0.1254,CA,3,1,4
291,Jordan,Nunez,(779) 452-3219,aferguson@wilson-jackson.info,Holt-Melton,66526357,2020-12-18,0.1196,CA,4,1,7
292,Derek,Lee,(974) 995-6412,hortonjacob@clark.com,"Allen, Wilkinson and Garrison",35026788,2023-08-21,0.1411,IL,5,1,44
293,Rachel,Rodgers,(314) 727-6012,emaynard@heath.com,Phillips Group,17149097,2020-02-20,0.0619,CA,4,1,39
294,Benjamin,Ross,(501) 667-9984,dhall@smith.com,"Butler, Kennedy and Simpson",15237113,2011-11-04,0.0551,MI,3,1,17
295,Jesse,Robinson,(576) 024-3757,sandra72@sharp-myers.biz,"Delgado, Ward and Kennedy",50759571,2021-12-20,0.1043,OH,1,1,37
296,Catherine,Garcia,(293) 417-2232,fhahn@young-hawkins.com,Ibarra-Kelly,63296457,2025-05-05,0.1149,TX,3,1,14
297,Anna,Tucker,(280) 156-1931,kristen08@kemp-castaneda.net,"Caldwell, Mccarthy and House",66963993,2013-09-03,0.104,PA,1,1,42
298,Gary,Wilson,(711) 991-8081,rhondamoore@erickson-gill.info,"Harrell, Moore and Cox",38408159,2018-06-04,0.0667,NC,5,0,50
299,William,Miller,(213) 760-3754,jennifer65@ortega.biz,Taylor Group,26268288,2024-11-29,0.1241,OH,1,1,5
300,Christopher,Edwards,(678) 507-2081,ryanlong@keller.com,"Brown, Welch and Reeves",07001208,2018-01-03,0.1411,OH,4,1,10
301,Rachel,Bishop,(846) 684-5504,isabellagriffin@clay.org,"Ramos, Reed and Cain",40656675,2022-03-18,0.1201,TX,3,1,26
302,Victoria,Campbell,(634) 108-5628,huntlarry@sherman-moore.com,"Vargas, Allen and Schroeder",26629380,2022-01-05,0.0656,NY,2,1,7
303,Katherine,Pugh,(681) 054-8510,vevans@chavez.org,"Espinoza, Pineda and Wade",26289869,2023-05-03,0.0511,NC,2,1,35
304,Daniel,Black,(935) 449-2683,mackenzieward@thomas.biz,Davis Group,53502772,2025-05-05,0.1406,NC,2,1,1
305,Kimberly,Wiggins,(737) 158-6988,cfields@galvan.com,Wagner Group,62165079,2013-03-10,0.1049,NC,1,1,15
306,Sherry,Wood,(728) 813-7702,guzmanricky@wood.com,"Hernandez, Watson and Ritter",21593622,2023-01-27,0.057,NY,3,1,5
307,Jason,Fuentes,(470) 229-6044,jsmith@jones-williams.info,"Collins, Chavez and Morgan",63553340,2016-02-19,0.0746,NY,4,1,22
308,Christopher,Weber,(792) 287-7725,zhughes@weaver-rubio.info,"Ramirez, Davis and Martin",17843351,2017-05-24,0.1107,PA,2,1,24
309,Katherine,Bernard,(948) 181-3989,karenshaw@martinez.com,Hill and Sons,28000505,2011-05-26,0.0905,MI,2,1,13
310,Michelle,Johnson,(971) 895-6907,bwhite@stewart.com,"Jackson, Thomas and Scott",28561385,2015-02-24,0.1357,FL,4,1,36
311,Kenneth,Garcia,(246) 209-5200,robertnguyen@david-lam.com,Allen PLC,35688615,2012-07-01,0.0946,FL,5,1,6
312,Angela,Jones,(378) 861-4057,russelljesus@adams.com,Hines Ltd,81790722,2020-12-11,0.0734,NY,5,1,43
313,Amber,Jackson,(249) 671-8325,amandahenderson@hayes.org,Delgado-Jackson,39806196,2024-05-02,0.0773,PA,5,1,24
314,Brandon,Stevenson,(749) 465-3984,turnerrandall@rivas.net,Johns-Clark,33580292,2011-12-31,0.0906,IL,4,1,12
315,Susan,Murphy,(554) 743-5537,deborahsmith@smith-smith.com,Peters-Horton,08425211,2019-07-25,0.1102,TX,2,1,39
316,Maria,Howard,(681) 180-7156,marycain@martinez.com,Smith-Paul,74421800,2019-04-18,0.1073,FL,2,1,22
317,Benjamin,Vasquez,(453) 194-3375,adrianjoyce@foster.info,Arnold Ltd,81195496,2023-11-17,0.1379,PA,1,1,3
318,Sarah,Foley,(999) 219-2124,james08@king.biz,"Nunez, Santos and Nash",98186781,2023-07-18,0.116,PA,2,1,39
319,Nicole,Walker,(664) 187-7580,samantha87@smith-lee.com,"Aguirre, Mooney and Perez",95031059,2016-06-21,0.1184,FL,5,0,22
320,Timothy,Morton,(613) 325-4110,mary31@allen-peterson.com,Stone-Young,95857069,2022-09-15,0.1039,CA,4,1,31
321,Nicholas,Wu,(997) 179-1100,pattonbryan@brown-bishop.biz,Garcia Inc,86494738,2012-03-20,0.1408,MI,1,1,24
322,Alex,Reyes,(046) 619-6399,nhobbs@morgan.com,Holmes-Matthews,42828417,2020-06-28,0.1289,MI,5,1,17
323,Michael,Olson,(109) 193-9284,ilopez@brown.org,Palmer-Pearson,32841452,2012-10-24,0.1036,MI,3,1,1
324,Miguel,Smith,(498) 227-4954,brianhunter@trevino.com,"Kerr, Glover and Peterson",32551549,2017-01-22,0.1078,OH,2,1,44
325,Mark,Garcia,(779) 599-5946,crawfordsamantha@walker.com,Navarro-Cisneros,12791578,2022-05-03,0.1114,CA,2,1,43
326,Angela,Thomas,(636) 205-0150,llee@williams-johnson.com,Thompson-Mcclure,00194020,2016-08-12,0.0538,OH,4,1,41
327,Andrew,Byrd,(258) 323-0241,hpena@boyle-torres.com,Pacheco-Guerrero,29071408,2023-03-16,0.1431,NC,3,1,34
328,Heather,Stewart,(961) 122-3386,prowland@hines.com,"Phillips, Hernandez and Wright",56663690,2019-12-10,0.0776,OH,3,1,39
329,Gary,Hughes,(428) 973-1791,victor72@marquez-fox.info,"Sosa, Wells and Perkins",55700289,2021-09-07,0.0848,PA,2,1,26
330,Ronald,Bennett,(903) 337-3634,selenabrooks@miller.net,Hall-Williams,44015553,2021-10-31,0.0617,NC,3,1,13
331,Joshua,Johnson,(956) 776-6575,phall@howard.com,"Hunt, Schneider and Hartman",24342376,2019-09-10,0.1397,CA,4,1,37
332,John,Mcgee,(111) 508-3535,james92@singh.com,Short-Logan,37278435,2014-11-07,0.1201,PA,2,1,5
333,Thomas,Black,(690) 782-6333,dsharp@conner-edwards.com,Carrillo-Wolfe,68094382,2017-11-05,0.1447,NY,4,1,26
334,Vincent,Hopkins,(778) 052-9240,matthew66@goodwin.com,Matthews-Bradley,78222611,2014-07-17,0.142,GA,5,0,16
335,Stacy,Brown,(225) 999-9663,glopez@hudson-hayes.com,Jackson Ltd,98338852,2011-07-11,0.0683,NC,3,1,35
336,Jamie,Carter,(209) 702-3164,gibsonmiguel@jackson.biz,Mayo and Sons,50745536,2020-05-19,0.0675,TX,5,1,49
337,Erik,Andrews,(671) 632-3467,briana87@harris-ritter.info,Summers PLC,06313812,2020-02-07,0.0769,MI,3,1,45
338,Keith,Ibarra,(385) 977-7901,treed@myers-colon.com,Wright-Yoder,44734459,2024-09-18,0.1186,TX,3,1,32
339,Joshua,Fuller,(676) 291-6032,elizabeth13@jenkins-gill.com,Jones-Garcia,43191814,2023-06-14,0.1496,NC,5,1,36
340,Charles,Neal,(567) 243-8070,vjames@foley-sanders.com,Wilson-Stark,35536084,2024-01-07,0.113,GA,3,1,32
341,Lori,Skinner,(777) 118-3727,marylawson@phillips.biz,Jones Inc,59201891,2016-07-16,0.1076,NC,2,1,24
342,Heather,Copeland,(427) 523-0837,myerskyle@george.biz,Mcfarland LLC,36478326,2022-07-02,0.0645,FL,3,1,19
343,Susan,Davis,(310) 600-5313,jenniferwilliams@rodriguez.com,"Clark, Weaver and Mcmillan",58012322,2015-01-13,0.1145,PA,4,1,40
344,Paul,Ellis,(331) 552-0650,barrettjoshua@wood.com,"Porter, Mooney and Marquez",75418122,2013-01-11,0.1244,TX,2,1,24
345,Cynthia,Henson,(924) 195-6252,tiffany71@smith-barr.info,Dixon-Harmon,09407591,2024-06-08,0.1118,TX,4,1,7
346,Christine,Brown,(903) 091-4363,victor32@harris-johnson.org,Stevenson-Murphy,74151039,2019-07-17,0.1364,GA,5,1,16
347,Jamie,Brown,(508) 640-3553,lauriehorton@franklin.net,White-Soto,49615665,2015-09-16,0.1023,NC,3,1,36
348,Ana,Pope,(713) 023-2129,joelmiller@mcdonald.biz,Obrien LLC,58432308,2012-01-28,0.1348,IL,3,1,31
349,Thomas,Henderson,(973) 471-5662,ywolf@smith-james.com,Larson-Hernandez,64727757,2015-10-31,0.1048,NY,4,1,1
350,Timothy,Cook,(246) 747-4689,mgonzalez@smith.com,Sullivan-Perry,31733242,2023-05-04,0.1265,MI,3,1,28
351,Sarah,Martin,(567) 491-6016,xkrueger@bailey.com,"Brown, Cruz and Coleman",52101144,2017-09-09,0.12,GA,2,1,48
352,Jonathan,Guzman,(370) 502-4972,alexanderwise@dawson.com,"Kent, Liu and Martin",05112772,2015-03-05,0.0651,GA,2,1,10
353,Daisy,Frank,(448) 869-4611,lisa43@sanders.info,Davis Ltd,74360071,2018-03-28,0.0767,OH,1,1,20
354,Tom,Shaw,(864) 622-5223,hayeslisa@harris.com,Green Group,18881727,2018-01-31,0.0943,CA,2,1,12
355,Matthew,Richards,(912) 141-6141,wwashington@smith.com,"Aguilar, Huerta and Davis",06239917,2018-06-22,0.1245,NC,5,1,50
356,Matthew,Maldonado,(069) 847-7596,yvonne35@ross.com,Smith Ltd,61882163,2019-11-11,0.0667,PA,5,1,31
357,Gina,Kane,(209) 184-3579,akeller@rosario.com,Montes Ltd,00745301,2017-10-23,0.0591,MI,3,1,16
358,Valerie,Vincent,(739) 769-1567,navarrokelly@joseph.org,"Wagner, Anderson and Robles",60677129,2016-07-06,0.1289,IL,4,1,49
359,George,Raymond,(872) 717-8333,garciavictoria@martin.biz,Robinson-Scott,63184426,2016-02-07,0.069,FL,5,1,2
360,Dawn,Bennett,(128) 715-3991,yvaldez@burch.com,Carter Inc,48581548,2019-01-29,0.1042,GA,1,1,47
361,Jillian,Collins,(593) 195-2569,melaniewhitney@wise-salinas.com,"Alvarado, Garza and Rodriguez",31087276,2012-06-28,0.1039,OH,2,1,33
362,Justin,Burgess,(875) 243-7729,georgekyle@martinez.info,"Poole, Simpson and Padilla",71243060,2011-02-18,0.1438,FL,1,1,32
363,Tracey,Hopkins,(052) 330-2764,vickiekelley@henderson-kennedy.com,Myers-Rose,10634650,2017-05-20,0.0721,TX,1,1,32
364,Stephen,Martin,(438) 612-5904,scottolson@clark.com,"Curtis, Cox and Chase",69846378,2015-10-16,0.1322,CA,5,1,14
365,David,Robertson,(266) 201-5720,brittney26@johnson.biz,Turner-Carlson,78025123,2012-09-16,0.0693,NY,5,1,3
366,Christopher,Burns,(617) 647-5011,andrewberry@mendoza.org,Cruz Ltd,55775674,2013-11-28,0.0604,FL,5,1,12
367,Lisa,Smith,(649) 215-1826,lbrown@reeves.com,"Merritt, White and George",65599598,2022-12-06,0.0912,OH,3,1,22
368,Christopher,Scott,(087) 510-2932,millerdavid@cox-stephens.biz,"Smith, Turner and Shah",53573490,2014-01-14,0.0535,PA,5,0,37
369,Amanda,Clark,(487) 297-5859,batesbradley@lopez.com,Guzman and Sons,93328086,2019-10-24,0.0776,NC,5,1,9
370,Debra,Martin,(542) 961-8446,qmiller@coleman.com,"Oconnor, Cowan and Terry",10313528,2021-01-16,0.0592,OH,5,1,37
371,Anthony,Munoz,(598) 926-2566,nelsonamanda@kelley.com,Strickland-Thomas,03448780,2014-04-02,0.1142,CA,5,1,47
372,Alisha,Hutchinson,(340) 163-6112,wdavis@armstrong.com,Jackson Group,07384882,2024-07-21,0.1153,MI,1,1,50
373,Gloria,Reeves,(588) 967-9240,douglasbradley@brown-swanson.com,"Waters, Gregory and Barnes",33051520,2014-01-18,0.1232,OH,4,1,41
374,Kevin,Hodge,(275) 784-4683,richard51@miller.com,"Brown, Paul and Spencer",52231050,2018-10-06,0.0899,TX,4,1,37
375,Alexander,Lee,(068) 277-8816,kleinjacqueline@reed.net,"Lynch, Lawson and Oconnell",67413559,2019-05-12,0.1024,NY,1,1,50
376,Tyler,Jackson,(832) 152-8506,morganerika@rosales.info,Baker-Smith,39064335,2022-06-14,0.0524,PA,2,1,28
377,Michael,Gilbert,(963) 480-7970,kenneth10@zamora-lopez.com,Garcia Group,88649261,2021-09-17,0.1228,TX,1,1,40
378,Jeremy,Foster,(188) 261-7024,michael28@rodriguez-gonzales.info,Taylor Ltd,99880614,2014-05-03,0.0523,NY,5,1,16
379,Julie,Santana,(053) 134-0266,elizabethvaughan@bird.info,"Klein, Nguyen and Duran",52471605,2018-05-11,0.1164,CA,3,1,35
380,Alexander,Cohen,(862) 110-2258,gregorymatthew@mclaughlin.info,Hodges and Sons,26249066,2017-10-11,0.1413,IL,1,0,19
381,Thomas,Patton,(282) 341-4363,hayneswayne@lopez.com,Martinez Group,39579450,2021-06-25,0.0699,GA,5,1,42
382,Richard,Torres,(432) 609-3106,jeffreysimmons@hicks.com,Rodriguez-Cox,09347063,2011-08-18,0.0802,NC,3,1,2
383,Justin,Ramirez,(635) 020-0053,jordanjohnny@cox-torres.com,"Smith, Arnold and Atkins",23999923,2016-12-12,0.0893,FL,1,1,41
384,Patrick,Eaton,(559) 895-3439,crystalguzman@willis.com,Bush Inc,96622199,2016-08-11,0.0829,NC,2,1,34
385,James,Pierce,(895) 473-8202,patricia85@west-love.biz,Webb PLC,56216894,2012-04-01,0.1409,FL,5,1,9
386,Joy,Sanders,(029) 424-0903,martinkaren@hart-myers.org,Clark-Smith,05718103,2019-07-19,0.1473,OH,3,1,21
387,Kenneth,Adams,(390) 878-8443,jacksonbrandon@carter.com,Ho-Nelson,92711762,2020-09-14,0.1067,NY,5,1,41
388,Christopher,Thornton,(033) 810-5955,jennifer69@nguyen-brown.com,Robinson-Sanford,00718461,2024-06-04,0.0887,GA,2,1,44
389,Lisa,Walker,(408) 916-4983,james62@hall-barber.com,Barrera Inc,07024797,2013-12-25,0.0566,GA,5,1,15
390,Kyle,Mcclure,(272) 239-7240,mmcdaniel@thomas.com,Stout-Waller,88476873,2019-05-31,0.1439,MI,5,1,21
391,Kathryn,Newman,(820) 916-6010,andersonkayla@thomas-burton.com,Rosario Inc,87548095,2012-09-05,0.0896,CA,5,1,42
392,Timothy,Sanchez,(513) 279-7245,courtney10@garcia.com,"Tanner, Perry and Smith",60233844,2020-03-15,0.1113,CA,5,1,49
393,Travis,Ewing,(036) 625-4361,cristiansosa@jones-cook.com,Huang PLC,84717961,2014-10-16,0.0914,GA,1,1,30
394,Lisa,Bailey,(268) 592-6249,nelsonvictor@cantu-cochran.com,Hensley and Sons,88803671,2013-07-18,0.1233,TX,1,1,38
395,Susan,Ramirez,(252) 677-1196,morrisdavid@gomez-snyder.info,"Dudley, Guzman and Fields",35375933,2024-03-16,0.1268,IL,5,1,41
396,Lori,Cruz,(366) 878-8788,xrose@shepherd.com,Harris Inc,11703792,2013-04-29,0.0681,FL,2,0,10
397,Douglas,Castaneda,(872) 105-5247,osanchez@burgess.com,Quinn-Horton,24850825,2017-02-20,0.0976,OH,4,0,49
398,Michael,Miller,(501) 917-9202,smithmariah@hernandez-white.com,"Rose, Rush and Harrison",08268210,2018-03-15,0.0849,FL,1,1,39
399,Wesley,Smith,(570) 412-0092,dfrazier@dawson.com,"Perez, Huynh and Nelson",29041666,2023-04-08,0.1095,NC,2,1,39
400,Lynn,Daugherty,(862) 369-0362,velasqueztaylor@delgado-sullivan.biz,Brown LLC,59023304,2012-07-16,0.105,PA,4,1,48
401,John,Martin,(634) 111-5950,jonescarla@lopez-harris.com,Adams PLC,83422059,2021-12-23,0.1029,TX,4,1,45
402,Karen,Benjamin,(097) 005-1405,leonardmyers@dickson-park.com,Russell-Figueroa,99263593,2020-08-01,0.063,MI,4,1,39
403,Edward,Ford,(820) 967-9042,cisnerosjesse@aguirre.com,"Martin, Stuart and Black",48822114,2012-09-10,0.1297,NY,5,1,41
404,Billy,Marquez,(985) 725-4596,nallen@jones.info,Ballard and Sons,03826620,2023-05-17,0.08,NC,3,1,27
405,Carlos,Ray,(481) 717-5242,christopher27@andersen-good.info,"Glass, Case and Bonilla",63760133,2024-01-05,0.1172,GA,1,1,8
406,Megan,Crane,(054) 669-2758,christopher68@baker-hutchinson.com,"Madden, Brown and Gibbs",14884890,2019-04-13,0.1021,MI,3,1,31
407,Jeffrey,Sawyer,(802) 146-2961,baileytaylor@mccullough.com,Tate-Gonzalez,26783920,2022-11-18,0.1484,NC,2,1,2
408,Benjamin,Moore,(155) 973-7147,nthomas@carroll-huerta.biz,Mayer LLC,11738720,2016-07-26,0.1377,IL,4,1,25
409,Christopher,Jones,(673) 030-6442,tmiller@savage-warren.com,Rivas Inc,23177940,2024-05-29,0.0983,NC,2,1,20
410,Tammy,Kim,(542) 356-7782,jmorrow@gonzalez.com,Beck-Colon,75718896,2018-04-07,0.0633,CA,4,1,31
411,Abigail,Smith,(502) 727-5164,iharding@cole.com,"Werner, Fisher and Payne",13088381,2023-06-21,0.1266,PA,1,1,34
412,Allen,Mosley,(963) 533-9055,lyonsdeborah@gutierrez-bell.net,Mills-Hubbard,62225762,2013-10-20,0.0657,TX,1,1,20
413,Patrick,Bruce,(276) 528-9286,swalters@pace.com,Davis Inc,52331722,2012-11-26,0.0571,MI,3,1,36
414,Elizabeth,Christian,(617) 981-7890,jeffreygibson@wilson-gates.com,Ponce-Sloan,14610415,2021-06-17,0.1093,GA,5,1,4
415,Emily,Smith,(605) 384-4446,bjohnson@gibbs.org,Rogers-Haley,87659741,2017-12-31,0.1313,GA,1,1,22
416,Sheila,Myers,(386) 396-0962,richardflores@kim.com,"Wilson, Ray and Myers",67491823,2018-04-17,0.0683,IL,3,1,44
417,Cristina,Watkins,(482) 531-1060,montgomeryamy@armstrong.com,Walters-Strickland,01482355,2023-12-10,0.0906,TX,3,1,2
418,Christopher,Thomas,(334) 383-6404,littlebeth@rodriguez.com,Thomas LLC,75446593,2014-02-24,0.0841,MI,4,1,5
419,Charles,Chung,(117) 536-1706,clarkrobert@schultz-hayes.com,Evans and Sons,53616778,2014-01-18,0.0614,MI,4,1,28
420,Adam,Boyd,(990) 155-7998,sara39@herrera.net,Robinson LLC,81901873,2022-03-14,0.0994,CA,1,1,7
421,James,Davis,(305) 231-2447,stuart76@potts.com,"Mathis, Love and Hayden",89601153,2012-12-05,0.1078,NY,2,1,9
422,Julie,Cabrera,(994) 237-6769,lawsonruben@gomez.info,Preston PLC,27699799,2012-09-22,0.1083,MI,5,1,21
423,Lisa,Jordan,(964) 985-6012,michaeljones@watson.com,Barker-Love,80990591,2015-04-13,0.0782,CA,2,1,9
424,Alison,Garcia,(795) 381-6493,jennifer19@fisher.com,Gonzalez Group,33335641,2014-08-12,0.0885,IL,4,1,38
425,Patrick,Ray,(046) 117-2959,andrew90@mitchell-skinner.biz,Huang PLC,10618691,2019-06-17,0.0637,OH,4,1,43
426,Richard,Hawkins,(501) 716-4455,troy06@horton-gibson.com,Pace-Garcia,64155431,2011-08-23,0.1105,MI,4,1,45
427,Jennifer,Burnett,(002) 156-3213,villamiranda@ware-williams.com,Jones-Murphy,72950043,2014-10-14,0.108,TX,2,1,16
428,Karen,Barron,(642) 297-1252,qwalsh@boyd.org,Stanley-Bray,99740804,2021-05-26,0.1242,TX,5,1,34
429,Heather,Jones,(731) 441-5833,abrown@robinson.com,Clark-Garza,69504953,2016-06-14,0.0853,PA,3,1,20
430,Paul,Chavez,(854) 728-1235,kimberlylopez@henderson-parks.org,"Garcia, Murray and Rodriguez",97750410,2019-12-14,0.149,MI,1,1,45
431,Joseph,Mcintosh,(307) 240-7875,gomezjason@shaw-romero.com,Nelson-Davis,10726227,2012-11-06,0.1104,MI,2,1,6
432,Catherine,Stone,(663) 436-2948,maldonadodebbie@robinson.com,"Adams, Jones and Garcia",82747830,2022-01-04,0.0645,FL,4,1,24
433,Kristi,Bailey,(966) 613-4732,janice40@lopez.org,Stevenson-Phelps,72462736,2014-10-30,0.1255,TX,1,1,27
434,Elizabeth,Patterson,(325) 122-5720,thompsonjoseph@jackson.org,Montes-Aguilar,44992632,2022-09-05,0.103,OH,1,1,26
435,Gary,Thomas,(371) 009-4388,garcialinda@chavez-navarro.net,Alvarado-King,33590538,2019-04-14,0.111,PA,3,1,29
436,Jessica,Smith,(054) 589-7148,qchase@howard.com,"Figueroa, Mcpherson and Howard",25462675,2018-10-12,0.1178,FL,3,1,7
437,Renee,Bailey,(136) 148-7824,peter64@lee-riley.com,"Martinez, Pope and Knight",00456372,2023-08-22,0.0534,MI,1,0,44
438,Cindy,Beck,(541) 072-7284,tommy14@chavez.com,"Martinez, Freeman and Smith",68967181,2024-06-16,0.1156,MI,2,1,39
439,Jennifer,Thomas,(004) 254-8821,ryanhull@robinson-kennedy.com,Cain Ltd,12604976,2016-12-19,0.1168,IL,3,1,45
440,Erika,Morris,(661) 449-4296,feliciagonzalez@butler.com,Miller-Knight,20392810,2017-07-19,0.1479,NY,5,1,5
441,William,Jennings,(782) 661-2875,taylor67@ali-murray.net,Bernard Group,41726971,2021-08-31,0.0573,MI,3,1,42
442,Rachel,Rich,(294) 398-5298,camposphilip@santiago-ford.net,Combs-Miller,81696279,2012-06-24,0.1075,NC,4,1,2
443,Joy,Craig,(159) 149-7501,mileszachary@yang.com,Fuller-Ball,87750984,2015-07-28,0.1067,IL,3,1,26
444,Collin,Harris,(793) 110-2918,gjohnson@myers-howe.com,Webb-White,09638387,2011-02-01,0.079,NY,2,1,26
445,Donald,Garner,(849) 791-6202,georgeharmon@gonzalez.com,"Vasquez, Contreras and Myers",62316484,2014-12-21,0.0689,CA,2,0,25
446,Pedro,Carpenter,(176) 620-4719,brewerpatricia@wallace.com,Khan-Ellis,23764989,2022-11-05,0.0516,IL,1,1,38
447,Greg,Hernandez,(258) 835-8681,stephen24@turner.info,Estes-Obrien,01864681,2011-02-17,0.1079,TX,1,1,47
448,Christina,Powell,(988) 425-9959,johnsonjessica@davis.info,"Alvarez, Wolf and Zavala",64907110,2014-01-16,0.0807,TX,4,1,32
449,Benjamin,Brady,(312) 661-0941,mhines@pittman.info,Anderson-Walsh,08156023,2024-09-24,0.1336,OH,3,1,38
450,Lisa,Stokes,(334) 774-3326,christopherjohnson@davis.com,Schroeder-Carroll,51877531,2020-06-10,0.0641,OH,2,1,44
451,Michael,Montgomery,(152) 873-3978,lauriegonzales@bennett.net,Garcia-Jimenez,12517631,2025-09-06,0.138,TX,1,0,36
452,Monique,Moore,(985) 034-4651,charles93@frederick.com,"Terry, Rodriguez and Ruiz",75267411,2011-11-07,0.0771,GA,4,1,6
453,Amy,Gross,(005) 643-5023,youngcharles@strong.com,Zavala-Dodson,60149673,2015-06-14,0.0505,NY,2,1,12
454,William,Santos,(918) 724-0107,ywoods@smith.com,Ferguson Group,96895462,2021-02-24,0.0553,TX,2,1,34
455,Devin,Kim,(087) 066-2668,michael56@allen.org,Perez Ltd,41903226,2022-07-30,0.139,GA,1,1,31
456,Henry,Williams,(890) 030-1027,carrie34@obrien.com,"Jones, Wright and Stephens",91741875,2023-10-12,0.0826,NY,3,1,4
457,Luis,Weaver,(537) 458-4384,brownrachel@sampson.com,"Hall, Harmon and Clark",30783244,2019-05-25,0.139,FL,2,1,8
458,Joshua,Cruz,(203) 771-0704,brownmelissa@simpson-roy.biz,Williams-Harris,13413230,2017-04-23,0.1069,PA,2,1,30
459,Sandra,Solomon,(680) 408-5095,katherinepeterson@hamilton.com,Tran Ltd,41386766,2014-02-10,0.067,NC,2,0,30
460,Tanner,Riddle,(487) 699-8426,davidsmith@tapia.net,Morgan-Foster,49582772,2022-07-05,0.0827,MI,2,1,34
461,Mary,Abbott,(454) 490-1495,cford@owens.info,"Richard, Robinson and Brown",99840975,2021-06-12,0.0926,OH,4,1,38
462,Misty,Martinez,(498) 517-2444,dylanwilliamson@hall.com,Cohen Group,84250791,2012-04-30,0.0796,TX,1,1,45
463,Jennifer,Burke,(508) 304-4058,daniel87@dixon.com,Hudson-Calderon,14559417,2020-11-03,0.0685,IL,4,1,20
464,Theresa,Merritt,(616) 420-5955,thomas49@martin.com,Buck Inc,80830429,2022-07-24,0.1042,NY,1,1,1
465,Antonio,Barber,(935) 889-5369,pfarmer@friedman.org,"Cuevas, Mccoy and Gross",70968136,2012-10-13,0.0866,FL,5,1,22
466,James,Johnston,(180) 978-8754,marklloyd@hall-edwards.com,"Allen, Oconnor and Beard",72921495,2020-02-23,0.1459,NY,2,1,36
467,Kristie,Hall,(158) 815-7937,sarasanchez@craig-wade.org,Flynn-Peterson,54034584,2017-02-17,0.1032,NC,3,1,18
468,Alexis,Martinez,(166) 829-7327,kathy71@booth.com,"Jackson, Jones and Robertson",79890840,2012-12-25,0.1398,PA,1,1,24
469,Phyllis,Villanueva,(665) 268-3415,mcknightbrandon@mccall.info,"Davenport, Roberts and Woods",11129046,2019-12-25,0.1432,GA,3,1,18
470,Nicolas,Gonzales,(298) 120-9957,shirley13@snyder-williams.net,"Riley, Anthony and Simmons",62082964,2013-04-07,0.0843,IL,4,1,48
471,Nichole,Edwards,(652) 203-6849,justin14@tucker-walker.com,Crosby-Green,55458372,2016-06-19,0.0872,PA,1,1,45
472,Carmen,Williams,(134) 213-8820,adamwall@wood.org,Dennis-Meyer,41972986,2021-04-15,0.1166,FL,2,1,19
473,Victoria,Dennis,(741) 176-7412,schmittlinda@mcguire.net,Hill-Mccoy,95432769,2025-02-10,0.0648,GA,5,1,3
474,Stacy,Burton,(150) 618-5380,derrickbennett@nunez.info,Washington and Sons,39441430,2019-09-13,0.1238,NC,3,1,35
475,Travis,Carr,(742) 318-3061,benjaminwatts@james.info,"Sandoval, White and Evans",42995159,2023-06-16,0.0942,TX,4,1,19
476,Jeffery,Mccarty,(477) 695-8741,robert75@bates.com,Huber-Guerrero,61062336,2014-12-02,0.0695,NC,2,1,9
477,William,Wu,(627) 796-3044,xbrown@green-stewart.biz,Coleman-Green,20546051,2016-11-20,0.0818,MI,5,1,50
478,Nancy,Herrera,(473) 504-7639,gouldchristina@anderson-fernandez.com,Davis-Bush,31833239,2011-11-27,0.1374,TX,2,1,43
479,Randall,Robbins,(810) 835-8328,laurie55@lewis-quinn.com,Bruce PLC,74417874,2016-12-22,0.1336,MI,1,1,29
480,Arthur,Brady,(867) 024-4033,irios@mcdowell.net,"Warner, Oconnor and Smith",48909704,2012-09-20,0.1414,OH,2,1,20
481,Ronald,Paul,(892) 196-3945,joshua31@costa-johnston.biz,Jordan-Walker,59182483,2023-08-11,0.1085,GA,5,1,46
482,Jessica,Bean,(847) 488-3607,chavezbecky@sanders.info,Woods-Rodriguez,00298468,2017-11-20,0.0917,GA,2,0,15
483,Christopher,Powell,(521) 182-3793,kmills@brown.com,Collins-Morgan,29075586,2016-04-05,0.0976,TX,3,1,49
484,Amy,Edwards,(059) 960-4387,marcfletcher@peters.com,Lyons-Bennett,02514630,2013-07-15,0.0861,IL,1,1,37
485,Tyler,Sims,(028) 123-7106,jtaylor@ross-phillips.biz,Cortez-Beard,60167513,2023-11-08,0.0816,PA,3,1,34
486,Leah,Crane,(859) 592-2483,april47@clark-rivera.com,Warren Group,35311274,2015-08-03,0.1421,FL,1,1,45
487,Heather,Medina,(562) 271-0433,cody97@moore.com,Fuller-Reilly,21868555,2011-02-22,0.1256,TX,4,1,33
488,Darlene,Harris,(469) 459-6488,dakotarobinson@baker.com,"Matthews, Miranda and Rivera",11036149,2015-08-25,0.1023,IL,2,1,5
489,Christopher,Pratt,(994) 973-2033,douglasalvarez@morris.com,"Aguirre, Coleman and Ruiz",71166329,2024-02-09,0.0925,TX,1,0,2
490,Mary,Stewart,(813) 866-6754,waremegan@dougherty.com,Castro-Henry,70175012,2016-02-15,0.0566,CA,1,1,31
491,Jessica,Lewis,(418) 652-0575,patrickwhite@cowan.com,Willis LLC,29130899,2024-05-25,0.0848,FL,5,1,39
492,Bradley,Dominguez,(548) 094-0476,joshua09@roy.org,"Gibson, Thompson and Brady",25050212,2012-07-29,0.1402,NC,1,1,40
493,Robert,Singleton,(810) 509-2221,ramosjennifer@davis-stephens.com,"Mendez, Smith and Hood",99846161,2021-12-28,0.1335,OH,4,1,7
494,James,Juarez,(529) 580-6601,jessicamiller@williams-franklin.net,Thompson-Francis,47345432,2025-05-28,0.1222,TX,3,1,15
495,Ashlee,Ford,(044) 851-5791,hardinian@lopez.com,Kramer and Sons,26394528,2025-03-25,0.0689,TX,4,1,25
496,Janice,Thompson,(571) 343-2406,annettegutierrez@nelson.com,Green-Gonzales,19414601,2021-10-30,0.0901,MI,1,1,24
497,Paul,Medina,(759) 558-7209,victoriahamilton@cochran.net,"Gallegos, Bauer and Davis",09359187,2012-07-19,0.0779,MI,5,1,11
498,Donald,Willis,(343) 740-1827,anne90@haynes-soto.com,Fisher LLC,93699514,2024-02-18,0.0622,GA,4,1,42
499,Lisa,Bryant,(125) 427-8207,esimon@king.org,Olson-Morales,07840163,2016-09-14,0.0803,MI,1,1,9
500,Frank,Jackson,(381) 664-9690,olivia83@walton.com,Parker and Sons,77726423,2011-08-29,0.136,NC,1,1,43
